error,ip
IPv4 address 10.88.196.43 is already defined as Private-Use Networks via RFC 1918.,10.88.196.43
IPv4 address 241.239.187.80 is already defined as Private-Use Networks via RFC 1918.,241.239.187.80
IPv4 address 234.180.213.246 is already defined as Multicast via RFC 3171.,234.180.213.246
IPv4 address 245.96.116.11 is already defined as Private-Use Networks via RFC 1918.,245.96.116.11
IPv4 address 247.105.56.27 is already defined as Private-Use Networks via RFC 1918.,247.105.56.27
IPv4 address 246.62.82.154 is already defined as Private-Use Networks via RFC 1918.,246.62.82.154
IPv4 address 10.101.91.29 is already defined as Private-Use Networks via RFC 1918.,10.101.91.29
IPv4 address 233.138.42.123 is already defined as Multicast via RFC 3171.,233.138.42.123
IPv4 address 250.185.188.76 is already defined as Private-Use Networks via RFC 1918.,250.185.188.76
IPv4 address 231.230.168.4 is already defined as Multicast via RFC 3171.,231.230.168.4
IPv4 address 225.80.207.214 is already defined as Multicast via RFC 3171.,225.80.207.214
IPv4 address 10.94.183.33 is already defined as Private-Use Networks via RFC 1918.,10.94.183.33
IPv4 address 252.109.3.82 is already defined as Private-Use Networks via RFC 1918.,252.109.3.82
IPv4 address 230.26.176.162 is already defined as Multicast via RFC 3171.,230.26.176.162
IPv4 address 239.254.134.71 is already defined as Multicast via RFC 3171.,239.254.134.71
IPv4 address 235.46.173.184 is already defined as Multicast via RFC 3171.,235.46.173.184
IPv4 address 232.173.55.21 is already defined as Multicast via RFC 3171.,232.173.55.21
IPv4 address 227.246.47.7 is already defined as Multicast via RFC 3171.,227.246.47.7
IPv4 address 255.5.245.51 is already defined as Private-Use Networks via RFC 1918.,255.5.245.51
IPv4 address 246.46.109.209 is already defined as Private-Use Networks via RFC 1918.,246.46.109.209
IPv4 address 251.236.210.120 is already defined as Private-Use Networks via RFC 1918.,251.236.210.120
IPv4 address 10.182.196.214 is already defined as Private-Use Networks via RFC 1918.,10.182.196.214
IPv4 address 253.80.204.182 is already defined as Private-Use Networks via RFC 1918.,253.80.204.182
IPv4 address 241.3.143.63 is already defined as Private-Use Networks via RFC 1918.,241.3.143.63
IPv4 address 240.255.157.82 is already defined as Private-Use Networks via RFC 1918.,240.255.157.82
IPv4 address 247.101.37.121 is already defined as Private-Use Networks via RFC 1918.,247.101.37.121
IPv4 address 239.169.185.234 is already defined as Multicast via RFC 3171.,239.169.185.234
IPv4 address 241.155.32.251 is already defined as Private-Use Networks via RFC 1918.,241.155.32.251
IPv4 address 254.27.59.199 is already defined as Private-Use Networks via RFC 1918.,254.27.59.199
IPv4 address 242.88.76.125 is already defined as Private-Use Networks via RFC 1918.,242.88.76.125
IPv4 address 230.176.109.91 is already defined as Multicast via RFC 3171.,230.176.109.91
IPv4 address 229.217.138.255 is already defined as Multicast via RFC 3171.,229.217.138.255
IPv4 address 255.116.73.44 is already defined as Private-Use Networks via RFC 1918.,255.116.73.44
IPv4 address 238.13.204.112 is already defined as Multicast via RFC 3171.,238.13.204.112
IPv4 address 224.103.104.154 is already defined as Multicast via RFC 3171.,224.103.104.154
